{
  "evaluation_export_seconds": 11.220517891924828,
  "train_attention_seconds": 408.24261502735317,
  "train_baseline_seconds": 317.64366577519104
}