{
  "evaluation_export_seconds": 0.7871527611277997,
  "train_attention_seconds": 11.487654700875282,
  "train_baseline_seconds": 9.187609666027129
}