,precision,recall,f1-score,support
normal,0.9280893042575286,0.9425257052465067,0.935251798561151,3793.0
abuse,0.42857142857142855,0.3333333333333333,0.375,9.0
arrest,0.1111111111111111,0.14285714285714285,0.125,7.0
arson,0.14285714285714285,0.15384615384615385,0.14814814814814814,13.0
assault,0.045454545454545456,0.16666666666666666,0.07142857142857142,6.0
burglary,0.18181818181818182,0.20689655172413793,0.1935483870967742,29.0
explosion,0.375,0.11538461538461539,0.17647058823529413,26.0
fighting,0.5,0.07692307692307693,0.13333333333333333,13.0
road accident,0.23529411764705882,0.5161290322580645,0.32323232323232326,31.0
robbery,0.17142857142857143,0.2608695652173913,0.20689655172413793,23.0
shooting,0.5,0.02,0.038461538461538464,50.0
shoplifting,0.14285714285714285,0.041666666666666664,0.06451612903225806,24.0
stealing,0.06451612903225806,0.15384615384615385,0.09090909090909091,13.0
vandalism,0.07692307692307693,0.06666666666666667,0.07142857142857142,15.0
violence,0.9600554144539367,0.9488817891373802,0.9544359003787444,4382.0
accuracy,0.9221010196822386,0.9221010196822386,0.9221010196822386,0.9221010196822386
macro avg,0.3242650777607989,0.2764328746515971,0.2605373954646624,8434.0
weighted avg,0.9244902984673024,0.9221010196822386,0.9211276606702411,8434.0
