{
  "evaluation_export_seconds": 11.63429624401033,
  "train_attention_seconds": 197.20002403389663,
  "train_baseline_seconds": 314.15090690832585
}